DC,Supply,X,Y
DC_01,2082,37.454011884736246,95.07143064099162
DC_02,1510,73.1993941811405,59.86584841970366
DC_03,2705,15.601864044243651,15.599452033620265
DC_04,2499,5.8083612168199465,86.61761457749351
DC_05,1699,60.11150117432088,70.80725777960456
DC_06,1975,2.0584494295802447,96.99098521619943
DC_07,2806,83.24426408004217,21.233911067827616
DC_08,1189,18.182496720710063,18.34045098534338
DC_09,1957,30.42422429595377,52.475643163223786
DC_10,1686,43.194501864211574,29.122914019804192
